,14yr B_score,20yr B_score,24yr B_score
Event_1,0.0006825628602536287,0.0005259929735420694,0.0007618312496674932
Event_2,0.00012609857028615806,0.00013817897605039603,0.00030556604714788906
