,14yr c_index,20yr c_index,24yr c_index
Event_1,0.7301092043681747,0.6495526496902959,0.6448345712356516
Event_2,0.5615384615384615,0.6038208955223882,0.5562137049941928
