,14yr c_index,20yr c_index,24yr c_index
Event_1,0.0,0.038094454288931746,0.03439247334093492
Event_2,0.024283610437898496,0.013170100539821417,0.03588342713014771
