,14yr c_index,20yr c_index,24yr c_index
Event_1,0.7301092043681747,0.6930488644184446,0.6954760297096556
Event_2,0.5667634252539913,0.6107462686567164,0.5267131242740999
