,14yr B_score,20yr B_score,24yr B_score
Event_1,0.15473047244914806,0.2195918508977994,0.23326256974261295
Event_2,0.16251009050460155,0.22839515388382697,0.23953290244701178
