,14yr B_score,20yr B_score,24yr B_score
Event_1,0.15528348428809444,0.22070215854415565,0.23432910310453872
Event_2,0.16246467988437224,0.2283983647312839,0.23941470795685008
