,14yr B_score,20yr B_score,24yr B_score
Event_1,0.1542449245889727,0.21967108521776005,0.23316624303589073
Event_2,0.1623778387406098,0.22842627013068473,0.23941462436114294
