,14yr B_score,20yr B_score,24yr B_score
Event_1,0.15412520587355227,0.21936912685366378,0.2326682914924676
Event_2,0.1623031523262255,0.22833459799855232,0.23947799825449537
