,14yr c_index,20yr c_index,24yr c_index
Event_1,0.7301092043681747,0.6180316586373021,0.6171505739365294
Event_2,0.5674891146589259,0.6023880597014926,0.5441347270615563
