,14yr c_index,20yr c_index,24yr c_index
Event_1,0.7301092043681747,0.6187198898830006,0.6171505739365294
Event_2,0.5145137880986937,0.6167164179104477,0.5232288037166086
