,14yr B_score,20yr B_score,24yr B_score
Event_1,0.15362820160847201,0.21926998230431913,0.2320775588226294
Event_2,0.16244432157046976,0.22830931240768268,0.23885881938797132
