,14yr c_index,20yr c_index,24yr c_index
Event_1,0.7301092043681747,0.6992429456297315,0.6772451046590142
Event_2,0.5754716981132075,0.5791044776119403,0.6213704994192799
