,14yr B_score,20yr B_score,24yr B_score
Event_1,0.15345725872559673,0.21942230748886227,0.23349369201720505
Event_2,0.16216694941737983,0.22869392163207772,0.23978869375938602
