,14yr B_score,20yr B_score,24yr B_score
Event_1,0.18972669451180527,0.25474873349959604,0.2569718511114372
Event_2,0.14660861593167354,0.20983589677766723,0.22871987723910475
