,14yr B_score,20yr B_score,24yr B_score
Event_1,0.00020392445162207475,0.00016269108423013417,5.335246472382795e-05
Event_2,6.358807115164099e-05,0.00017520055178323583,9.044625357133728e-05
