,14yr B_score,20yr B_score,24yr B_score
Event_1,0.1899353189958188,0.25448586503803533,0.2569279658380744
Event_2,0.1466814026873851,0.20968912480592938,0.22869024414794867
