,14yr B_score,20yr B_score,24yr B_score
Event_1,0.18987312832289507,0.2545633987595608,0.2569417358877749
Event_2,0.1466295412962607,0.20970047265955874,0.22861885894797596
