,14yr B_score,20yr B_score,24yr B_score
Event_1,0.18934880079404628,0.2549179731042273,0.2570311576143418
Event_2,0.14674386225622113,0.20950179828624263,0.22849907568787534
