,14yr B_score,20yr B_score,24yr B_score
Event_1,0.18970209201644178,0.2548359411541264,0.2570677786961417
Event_2,0.14677364790889955,0.21002990253066664,0.22875421401997045
