,14yr c_index,20yr c_index,24yr c_index
Event_1,0.39144215530903326,0.6462882096069869,0.6196660482374768
Event_2,0.6440520446096655,0.6548494983277592,0.5540113708149084
