,14yr B_score,20yr B_score,24yr B_score
Event_1,0.00032535966954181565,0.0006496010763255204,0.00034212691382162926
Event_2,2.650152869376046e-05,0.00042384292969604217,0.00028981085359128527
