,14yr c_index,20yr c_index,24yr c_index
Event_1,0.1788054486262588,0.03384680486000252,0.05918932759367291
Event_2,0.05226123266359614,0.06679592097830064,0.08859331478508857
