,14yr c_index,20yr c_index,24yr c_index
Event_1,0.6351822503961966,0.6844666250779788,0.6231292517006802
Event_2,0.5949814126394053,0.5986622073578596,0.5665192672141504
