,14yr B_score,20yr B_score,24yr B_score
Event_1,0.14051036292658528,0.21186962793347278,0.23036363703928342
Event_2,0.15697650944069186,0.23124178923577055,0.24238908898742412
