,14yr c_index,20yr c_index,24yr c_index
Event_1,0.838351822503962,0.72613849033063,0.5120593692022264
Event_2,0.6403345724907064,0.5886287625418061,0.6424510423247
