,14yr c_index,20yr c_index,24yr c_index
Event_1,0.838351822503962,0.6425452276980661,0.6641929499072357
Event_2,0.6273234200743495,0.6260869565217392,0.6336070751737208
