,14yr B_score,20yr B_score,24yr B_score
Event_1,0.14038276785457618,0.21214399324895183,0.23043644545000744
Event_2,0.1570047761963976,0.23086251581723646,0.24191698459053187
