,14yr B_score,20yr B_score,24yr B_score
Event_1,0.1403085923719031,0.21198624165811936,0.22972725001163052
Event_2,0.15696240403652692,0.2310570498115836,0.24240442314519442
