,14yr c_index,20yr c_index,24yr c_index
Event_1,0.6022187004754358,0.7080474111041797,0.6796536796536796
Event_2,0.5390334572490706,0.4735785953177257,0.4005053695514845
