,14yr c_index,20yr c_index,24yr c_index
Event_1,0.5055467511885895,0.6993137866500312,0.640074211502783
Event_2,0.5241635687732342,0.6501672240802676,0.6020214782059381
