,14yr B_score,20yr B_score,24yr B_score
Event_1,0.1401449446394406,0.21079618826061614,0.23057978959683892
Event_2,0.15693141242568928,0.2320683480219227,0.2425873562614946
