,14yr B_score,20yr B_score,24yr B_score
Event_1,0.14063706296516265,0.21277472158249353,0.23072159209819373
Event_2,0.15699113027428377,0.23107465157919801,0.2422692298992191
