,14yr B_score,20yr B_score,24yr B_score
Event_1,0.14107844680184384,0.2116469949171831,0.23035310803974654
Event_2,0.1569928242705617,0.23114638094891193,0.24276745104068045
